acc,sensitivity,specificity,precision,auc_roc,auc_pr,F1,mcc,metric_logger.loss
0.8181818181818182,0.5882352941176471,0.8979591836734694,0.6666666666666666,0.7743097238895558,0.7558226954261007,0.625,0.5073431545587758,0.3824 (0.5349)
0.7575757575757576,0.5294117647058824,0.8367346938775511,0.5294117647058824,0.7755102040816326,0.7498430274024668,0.5294117647058824,0.36614645858343337,0.4800 (0.6263)
0.6439393939393939,0.2647058823529412,0.7755102040816326,0.2903225806451613,0.6123949579831933,0.590480308390366,0.27692307692307694,0.041486879334233985,0.6041 (0.8885)
0.7121212121212122,0.29411764705882354,0.8571428571428571,0.4166666666666667,0.6268007202881152,0.6162652415063447,0.3448275862068966,0.17149858514250885,0.4052 (0.6167)
