acc,sensitivity,specificity,precision,auc_roc,auc_pr,F1,mcc,metric_logger.loss
0.7272727272727273,0.4411764705882353,0.826530612244898,0.46875,0.6929771908763505,0.6350911158395603,0.45454545454545453,0.27317274633413907,0.7013 (0.7516)
